AAER-3852,2017,01,19,/litigation/admin/2017/34-79844.pdf
AAER-3851,2017,01,18,/litigation/admin/2017/34-79828.pdf
AAER-3850,2017,01,18,/litigation/admin/2017/34-79825.pdf
AAER-3847,2017,01,18,/litigation/admin/2017/34-79819.pdf
AAER-3846,2017,01,18,/litigation/admin/2017/33-10282.pdf
AAER-3845,2017,01,18,/litigation/admin/2017/33-10281.pdf
AAER-3843,2017,01,12,/litigation/admin/2017/34-79780.pdf
AAER-3842,2017,01,10,/litigation/admin/2017/34-79765.pdf
AAER-3841,2017,01,06,/litigation/admin/2017/34-79753.pdf
AAER-3848,2017,01,18,/litigation/admin/2017/34-79820.pdf
